date,yt_pred_time_trend_1_dummy,yt_pred_time_trend_2_dummy,yt_pred_time_trend_3_dummy,yt_true,yt_pred_time_trend_3_fourier,yt_pred_d1d13_ar13,yt_pred_d1d12_mlp
1946-01-01,1095.0249999999992,1444.198616180507,1197.3892389014331,890,1138.240263583133,,
1946-02-01,1077.3934210526309,1417.7272045877276,1182.2558001361936,992,1250.6692805200862,,
1946-03-01,1214.0776315789465,1545.5715803337537,1321.1474334396976,979,1282.0046880942168,,
1946-04-01,1322.1302631578938,1644.7843762768762,1431.116770390895,959,1425.2150843147772,,
1946-05-01,1385.0249999999992,1698.83927674319,1495.6374952003118,1110,1564.7241622380238,,
1946-06-01,1539.4986842105254,1844.473122881762,1651.44644997321,1546,1531.9319146678731,,
1946-07-01,1929.709210526315,2225.843808421344,2042.701529446432,1539,2199.885663947838,,
1946-08-01,3034.4986842105254,3321.7934352765697,3148.244838883136,3401,2989.3103428884065,,
1946-09-01,2284.709210526315,2563.16412667662,2398.91848354648,2092,2535.8518322346986,,
1946-10-01,1815.6565789473675,2085.271657162996,1930.0382529101475,1436,1845.1812415880104,,
1946-11-01,1636.130263157894,1896.9055003584456,1750.3936206583508,1301,1778.8667492289214,,
1946-12-01,1397.6039473684202,1649.5393429107253,1511.4582710016136,1287,1539.9901752271903,,
1947-01-01,1220.817543859648,1464.4041988594968,1362.532522178096,1488,1302.4547672028712,,
1947-02-01,1203.1859649122798,1438.9149915567698,1344.924980777525,1517,1412.430127355236,,
1947-03-01,1339.8701754385957,1567.7415715928482,1481.3748133795798,1707,1441.3439891327448,,
1947-04-01,1447.922807017543,1667.9365718260235,1588.9346515632103,1729,1582.16495054465,,
1947-05-01,1510.817543859648,1722.9736765823898,1651.0781795389423,1788,1719.316704647208,,
1947-06-01,1665.2912280701746,1869.5897270110145,1804.5422394120385,2008,1684.1992442443357,,
1947-07-01,2055.501754385964,2251.9426168406494,2193.48472591934,2203,2349.859891679545,,
1947-08-01,3160.291228070175,3348.874447985927,3296.747744324005,3713,3137.023579763325,,
1947-09-01,2410.501754385964,2591.22734367603,2545.1733998891923,2946,2681.336189240795,,
1947-10-01,1941.4491228070167,2114.317078452459,2074.077482088586,2082,1988.468829713252,,
1947-11-01,1761.922807017543,1926.933125937961,1892.249464606397,2033,1919.9896794612744,,
1947-12-01,1523.3964912280694,1680.5491727802937,1651.16303165315,1937,1678.9805585546212,,
1948-01-01,1346.610087719297,1496.3962330191175,1500.118501467004,1711,1439.344714613347,,
1948-02-01,1328.978508771929,1471.889230006443,1480.4244806376878,1775,1547.251749836723,,
1948-03-01,1465.6627192982446,1601.698014332574,1614.8201357448788,1902,1574.12939767321,1972.255844928933,1926.049644751516
1948-04-01,1573.715350877192,1702.875218855802,1720.358098367528,1846,1712.9462561320595,1965.2077776186552,1887.2497140495148
1948-05-01,1636.610087719297,1758.894527902221,1780.5120527161607,2083,1848.126018269529,2015.5355067383664,1863.4183278324908
1948-06-01,1791.0837719298238,1906.4927826208984,1932.018840896039,2262,1811.068676889535,2424.4744858631075,2265.4727309741393
1948-07-01,2181.2942982456134,2289.827876740585,2319.0363576440045,2193,2474.821554335589,2359.073541826468,2415.9099108447663
1948-08-01,3286.083771929824,3387.741912175916,3420.406708223217,3792,3260.1095834181806,3968.0454167379567,3664.9418672998054
1948-09-01,2536.2942982456134,2631.077012156072,2666.9719978968333,2343,2802.578644882429,2808.073884261493,2984.137382679619
1948-10-01,2067.241666666666,2155.148951222553,2194.048016138538,2313,2107.89984832963,1778.0672838479368,1437.8881294894472
1948-11-01,1887.715350877192,1968.747202998108,2010.4242366325427,2179,2037.6413720403643,2014.340903926257,2225.0459394036116
1948-12-01,1649.1890350877184,1723.3454541304927,1767.574343589371,1975,1794.8850360843894,2064.639740338307,2045.7245091726477
1949-01-01,1472.4026315789465,1540.174718659369,1614.7986552471823,1880,1553.5340880817596,1946.737616686484,1704.6241813906172
1949-02-01,1454.7710526315782,1516.6499199367477,1593.4057781957056,1930,1659.7581302317471,1920.0382763384189,1902.8991330630233
1949-03-01,1591.4552631578938,1647.4409085529314,1726.1348790146185,2060,1684.9848959828123,1982.7815379669228,2018.8474781187156
1949-04-01,1699.507894736841,1749.6003173662118,1830.038589282871,1843,1822.1829833442068,2044.2205330800784,1966.902507671799
1949-05-01,1762.4026315789465,1806.6018307026832,1888.5905932109897,2052,1955.776085372188,2085.3814693783934,2040.8154228500416
1949-06-01,1916.8763157894728,1955.1822897114127,2038.527732904236,2039,1917.1641948706715,2220.651094997744,2189.644815341353
1949-07-01,2307.0868421052623,2339.499588121153,2424.007903099452,2351,2579.39463418317,2249.044692701502,1931.9628214173363
1949-08-01,3411.8763157894728,3438.395827846536,3523.8732090597964,3394,3363.1923361201734,3762.607581117477,3909.9215692619655
1949-09-01,2662.0868421052623,2682.7131321167444,2768.9657560484275,3581,2904.2031814268,2548.4353384914266,1907.1780330123238
1949-10-01,2193.034210526315,2207.7672754732785,2294.6013335390285,2489,2208.0982797043453,2640.605934145344,3519.3448277620664
1949-11-01,2013.5078947368413,2022.3477315388857,2109.569415215812,2468,2136.445809233391,2469.6987478975752,2323.4895344115284
1949-12-01,1774.9815789473676,1777.9281869613233,1865.3436852893003,2134,1892.327590083694,2226.1934964846605,2219.070577977526
1950-01-01,1598.1951754385957,1595.7396557802526,1711.224461997655,1903,1649.6468698753092,2046.4588016074367,2002.4748894882382
1950-02-01,1580.5635964912271,1573.1970613476833,1688.5203519306028,1719,1754.573250807508,1992.470344726052,1915.0539780956979
1950-03-01,1717.247807017543,1704.9702542539198,1819.9705216678224,1617,1778.534466328751,2074.5844593709207,1810.0252129783798
1950-04-01,1825.3004385964905,1808.1118673572528,1922.6276027882648,1818,1914.4991144482904,1683.141804259445,1357.509379626962
1950-05-01,1888.195175438596,1866.0955849837767,1979.9652795024545,2067,2046.8908882223827,1980.5450024229017,1986.5326322385736
1950-06-01,2042.668859649122,2015.6582482825595,2128.720393915654,2457,2007.1097804549447,2195.6997235199237,2023.2119432086447
1950-07-01,2432.879385964912,2400.957750982352,2513.0508407647053,2600,2668.2031134894883,2317.670010183856,2729.258623732332
1950-08-01,3537.668859649122,3500.836194997788,3611.798725312768,3530,3450.895820136502,3950.114521213785,3612.1437164702256
1950-09-01,2787.879385964912,2746.1357035580486,2855.8061528229982,2693,2990.8337811411066,2955.789534250798,3674.0454345615444
1950-10-01,2318.826754385964,2272.172051204635,2380.388912769081,2448,2293.688106104597,2185.362043995555,1562.8286294956051
1950-11-01,2139.3004385964905,2087.734711560295,2194.336478835228,2250,2221.0269733075547,2356.63328220858,2380.871070154204
1950-12-01,1900.7741228070167,1844.297371272785,1949.122535231963,1972,1975.9322028197355,2083.927275864969,1880.782038651816
1951-01-01,1723.9877192982449,1663.091044381767,1794.0474001974453,1682,1732.307042261195,1834.4339849892567,1698.8347702868946
1951-02-01,1706.3561403508763,1641.5306542392505,1770.4196803214036,1730,1836.3210938312047,1632.1512663734024,1456.1350227669136
1951-03-01,1843.040350877192,1774.286051435539,1900.978542183516,1814,1859.4020909782264,1650.0431531642243,1591.0827566140788
1951-04-01,1951.09298245614,1878.409868828925,2002.776617362732,1900,1994.5186317115104,1735.5211881898458,1981.6270840454417
1951-05-01,2013.9877192982449,1937.3757907455013,2059.2875900695785,2051,2126.0944090873136,2059.4323092802038,2114.699481869694
1951-06-01,2168.461403508771,2087.9206583343366,2207.2483024093167,2290,2085.529415909554,2243.0639720915124,2399.3102258622666
1951-07-01,2558.6719298245607,2474.202365324182,2590.816649118789,2599,2745.870974521742,2505.690404479523,2396.5596318112193
1951-08-01,3663.461403508771,3575.0630136296704,3688.834735461153,3428,3527.844017734368,3447.2218188010147,3485.8732154984755
1951-09-01,2913.6719298245607,2821.344726479984,2932.1446666995694,2262,3067.0944262925505,3216.806776688809,2553.471171557675
1951-10-01,2444.619298245613,2348.363278416623,2456.06223230772,2242,2369.293309797585,2018.5965940809683,1971.832790344134
1951-11-01,2265.0929824561395,2164.9081430623355,2269.376905969815,2103,2296.0088465300537,1945.350122515054,2011.906079328326
1951-12-01,2026.566666666666,1922.4530070648784,2023.562371896382,1825,2050.322856559713,1810.473888536565,1788.6269865216896
1952-01-01,1849.7802631578936,1742.228884463913,1867.9189483255773,1670,1806.138587506617,1564.4544369281916,1498.6233230197545
1952-02-01,1832.1486842105253,1721.650698611449,1843.755241847132,1681,1909.6256415700389,1574.5203931965766,1681.4692631821204
1952-03-01,1968.832894736841,1855.3883000977903,1973.8104190407207,1713,1932.2117521984376,1586.8698042319584,1728.1090612599678
1952-04-01,2076.8855263157884,1960.4943217812288,2075.1371114852977,1954,2066.8655174010664,1792.4934808245737,1761.3966541436253
1952-05-01,2139.780263157894,2020.4424479878576,2131.209003391386,1876,2198.010630234181,2064.0757810885334,2066.101766494521
1952-06-01,2294.25394736842,2171.969519866745,2278.7629368642483,2272,2157.0470835016995,2292.972049805392,2075.1671450320846
1952-07-01,2684.4644736842097,2559.2334311466434,2661.9568066407264,2612,2817.0221995471325,2496.1662001117747,2542.912595390935
1952-08-01,3789.25394736842,3661.076283742184,3759.63271798398,3590,3598.6609111809694,3402.31706455876,3404.2509184408864
1952-09-01,3039.4644736842097,2908.34020088255,3002.6327761571656,2496,3137.6090991483297,2527.949162726716,2386.925616540566
1952-10-01,2570.4118421052626,2436.340957109242,2526.2727706339683,2441,2439.537873050509,2391.274556499628,2439.75006286389
1952-11-01,2390.8855263157884,2253.868026045008,2339.342175098599,2340,2366.015411168089,2195.558485689038,2266.447247696229
1952-12-01,2152.359210526315,2012.3950943376024,2093.3146737615816,2090,2120.123533570826,2020.759905111632,2026.2695548128067
1953-01-01,1975.5728070175428,1833.1531760266896,1937.4905848610767,1812,1875.7654878787755,1841.8684165104205,1899.4912266596425
1953-02-01,1957.9412280701745,1813.5571944642784,1913.178514986811,1788,1979.110876291208,1852.2640728521565,1785.680339791339
1953-03-01,2094.6254385964903,1948.2770002406724,2043.1176307184644,1837,2001.587432256585,1915.464999225719,1782.776016247462
1953-04-01,2202.678070175438,2054.365226214163,2144.3605636349853,1993,2136.163753784159,2021.0194374229975,2040.4598131588218
1953-05-01,2265.572807017543,2115.295556710845,2200.380997946901,2021,2267.263533930184,2065.683179986679,1878.8823790057395
1953-06-01,2420.046491228069,2267.8048328797854,2347.9157757594726,2199,2226.2867654985807,2381.239722657476,2379.6677918888254
1953-07-01,2810.257017543858,2656.050948449736,2731.122791809542,2622,2886.2807708328583,2609.9441725559764,2502.3814918682046
1953-08-01,3915.0464912280695,3758.8760053353294,3828.844151360269,3787,3667.970482743506,3529.749554751544,3562.8670645633956
1953-09-01,3165.257017543858,3007.122126765748,3071.9219596748108,2914,3207.001781975645,2554.2235968120904,2658.2049218104366
1953-10-01,2696.204385964911,2536.1050872824926,2595.672006226851,2487,2509.0457781305686,2726.6867451614507,2823.4722302575283
1953-11-01,2516.678070175438,2354.6143605083103,2408.883764700601,2314,2435.67064948886,2482.940657002096,2346.306580140659
1953-12-01,2278.151754385964,2114.1236330909583,2163.0309193065864,2139,2189.9582161202748,2056.640816530725,2022.9697407527556
1954-01-01,2101.365350877192,1935.8639190700976,2007.4137882829657,2124,1945.8117256448688,1891.643382800355,1823.4797567884925
1954-02-01,2083.733771929824,1917.2501417977392,1983.3409782194665,2214,2049.4007802619126,2047.092538308435,2064.485182565391
1954-03-01,2220.41798245614,2052.952151864186,2113.551655695768,2234,2072.153113419868,2188.910692110557,2226.4006779970173
1954-04-01,2328.470614035087,2160.022582127729,2215.09845229082,2279,2207.037323127986,2397.59239757924,2352.122449476592
1954-05-01,2391.365350877192,2221.935116914464,2271.455052215148,2423,2338.4771024425227,2251.754149424397,2268.218559024617
1954-06-01,2545.8390350877185,2375.4265973734564,2419.3582975740137,2290,2297.872444167397,2605.205970226212,2565.8619716450103
1954-07-01,2936.049561403508,2764.65491723346,2802.96608310426,2903,2958.2706706461195,2862.1593079036884,2674.277827797877
1954-08-01,4040.83903508772,3868.462178409106,3901.120514069046,4485,3740.396714689179,3981.396229431487,4032.4244751788383
1954-09-01,3291.049561403508,3117.6905041295768,3144.6636957315286,3085,3279.896457041695,3287.061570222675,3578.824075375662
1954-10-01,2821.9969298245605,2647.6556689363742,2668.911417565392,2852,2582.441007304964,2942.9117598776284,2619.307587847654
1954-11-01,2642.4706140350872,2467.147146452244,2482.6531532548474,2629,2509.5985437595664,2725.3903657133005,2638.247975982541
1954-12-01,2403.944298245613,2227.638623324945,2237.36258701042,2435,2264.450886475259,2468.03760941908,2419.0397735099414
1955-01-01,2227.157894736841,2050.3611135941374,2082.340037070269,2227,2020.901283072097,2317.5283871793417,2384.7066654321407
1955-02-01,2209.526315789473,2032.729540611831,2058.894110024121,1944,2125.119335749353,2340.9693424101124,2280.7609346313748
1955-03-01,2346.210526315788,2169.41375496833,2189.763972451656,2125,2148.532777955485,2142.592934682514,1920.7045226493192
1955-04-01,2454.263157894736,2277.4663895219264,2292.002255931823,2260,2284.110207699749,2276.4975961192904,2131.3817480372963
1955-05-01,2517.157894736841,2340.361128598713,2349.08264467515,2299,2416.275318038397,2357.0249417504992,2367.072366267861
1955-06-01,2671.6315789473674,2494.834813347759,2497.7419807868955,2323,2376.4281017753488,2347.4866481199406,2126.1053455940746
1955-07-01,3061.842105263157,2885.0453374978147,2882.1381590039045,2659,3037.615881254116,2907.7742384582943,2897.8383659660713
1955-08-01,4166.631578947367,3989.8348029635135,3981.113284589334,3761,3820.563589285186,4038.965598575899,4201.126857440494
1955-09-01,3416.842105263157,3240.045332974037,3225.5094628063434,2779,3360.9171066136805,2743.660015664742,2319.006149540981
1955-10-01,2947.789473684209,2770.992702070887,2750.642483128615,2761,2664.3475428408933,2463.585475053731,2504.066223863534
1955-11-01,2768.263157894736,2591.4663838768097,2565.301819240361,2446,2592.423076247407,2441.98325304631,2502.5168669468394
1955-12-01,2529.7368421052624,2352.940065039563,2320.961155352107,2278,2348.2255269029783,2272.578167906351,2211.4674019857957
1956-01-01,2352.95043859649,2176.6447595988075,2166.9208097020096,1879,2105.658142427661,2063.447005838523,2027.2643983615962
1956-02-01,2335.318859649122,2159.9953909065543,2144.4893888798,1881,2210.890525020728,1821.3105596980472,1553.7857770684868
1956-03-01,2472.0030701754376,2297.661809553106,2276.406059465153,2165,2235.3504081306382,1944.7964647125275,2025.146232394461
1956-04-01,2580.055701754385,2406.696648396755,2379.723453037021,2199,2372.006389766645,2142.348317926136,2265.165504155204
1956-05-01,2642.95043859649,2470.5735917635943,2437.915253805931,2308,2505.282162985005,2292.6481602948625,2198.643085226664
1956-06-01,2797.424122807017,2626.029480802693,2587.7183038771427,2529,2466.5777205896347,2228.112918046335,2293.3254092735024
1956-07-01,3187.634649122806,3017.222209242801,2973.290497987499,2573,3128.940384924046,2774.352124124238,2828.197313496232
1956-08-01,4292.424122807017,4122.993878998552,4073.473941400158,3946,3913.095088798728,4060.843442770123,3635.9859821580912
1956-09-01,3542.634649122806,3374.186613299129,3319.110739378279,3200,3454.6877129588,2806.723760822857,2927.25330353965
1956-10-01,3073.582017543859,2906.116186686031,2845.5166813955448,2574,2759.3893670055586,2876.90077444511,3150.773692761102
1956-11-01,2894.055701754385,2727.5720727820067,2661.4812411361663,2422,2688.7682292195823,2486.6485372491134,2220.9850902811995
1956-12-01,2655.5293859649114,2490.027958234812,2418.4781028106704,2446,2445.906119670632,2227.893366873413,2214.1951078477805
1957-01-01,2478.7429824561395,2314.71485708411,2265.8075846572133,2828,2204.7062859787584,2091.8702211722702,2013.1088430786695
1957-02-01,2461.1114035087708,2299.0476926819088,2244.778293265525,2879,2311.3383303432365,2407.069535848132,2799.793246121806
1957-03-01,2597.795614035087,2437.6963156185134,2378.1293952152832,2800,2337.229986212525,2905.136984827648,3132.1258777540716
1957-04-01,2705.848245614034,2547.713358752215,2482.9135220854378,2835,2475.3498515958763,2853.957148452494,2792.8030470769945
1957-05-01,2768.7429824561395,2612.5725064091066,2542.6043580865166,2585,2610.121619549548,2897.5513764678635,2907.7133962417593
1957-06-01,2923.216666666666,2769.010599738257,2693.9387453237787,2787,2572.945282877456,2817.8779052974987,2770.0395253719726
1957-07-01,3313.4271929824554,3161.1855324684184,3081.074578534068,3334,3236.868163923111,3066.490056054574,2794.2682633492996
1957-08-01,4418.216666666666,4267.939406514222,4182.853962980542,4746,4022.6151954970046,4598.273226424708,4673.783806836753
1957-09-01,3668.427192982456,3520.114345104851,3430.11900392636,3613,3565.832258344254,3770.81687168409,3965.558286897667
1957-10-01,3199.374561403508,3053.0261227818064,2958.185490845204,3463,2872.190462066157,3358.173752999255,2949.400064929272
1957-11-01,3019.8482456140346,2875.4642131678343,2775.842897421289,3274,2803.257984943293,3140.227955865856,3273.7428461289637
1957-12-01,2781.3219298245604,2638.902302910693,2534.5649078651345,2801,2562.116647045419,3198.6634411760806,3268.577951805244
1958-01-01,2604.5355263157885,2464.5714060500427,2383.651840414904,2488,2322.669695992591,3015.647233898225,3147.1023577549004
1958-02-01,2586.90394736842,2449.8864459378947,2364.4123016603226,2386,2431.08673398408,2715.9089328706305,2495.965443831541
1958-03-01,2723.588157894736,2589.517273164552,2499.585458181071,2428,2458.795494468347,2707.301458926191,2261.7675731257723
1958-04-01,2831.640789473683,2700.516520588306,2606.223941556097,2678,2598.764575454642,2657.630920441685,2422.052267139613
1958-05-01,2894.5355263157885,2766.3578725352504,2667.801435995929,2744,2735.417669999225,2613.690048175185,2389.614996762837
1958-06-01,3049.009210526315,2923.7781701544536,2821.054783605828,2772,2700.1547709060105,2952.827128616708,2906.780124947314
1958-07-01,3439.2197368421043,3316.935307174668,3210.141879122635,3520,3366.02320051851,3085.3079625306946,3281.226799959013
1958-08-01,4544.009210526315,4424.671385510524,4313.904827809509,3833,4153.747891647215,4557.493740505441,4894.646201631156
1958-09-01,3794.219736842104,3677.828528391205,3563.1857349296097,3377,3698.9747250372425,3274.4537088830198,2653.614921859158
1958-10-01,3325.167105263157,3211.7225103582127,3093.3003899566183,3013,3007.37481028989,2906.6835564745124,3183.2101462888986
1958-11-01,3145.6407894736835,3035.1428050342934,2913.038266574749,2871,2940.516325685737,2852.617668510902,2786.8259848868493
1958-12-01,2907.1144736842098,2799.5630990672043,2673.873048994524,2592,2701.4810912945404,2579.71740776787,2350.033588754788
1959-01-01,2730.328070175437,2626.214406496607,2525.1050554541034,2375,2464.172354736358,2609.4389480750306,2234.4089888668877
1959-02-01,2712.696491228069,2612.511650674511,2508.042892543216,2304,2574.7597182104582,2358.949675008916,2231.428895589892
1959-03-01,2849.380701754385,2753.1246821912214,2645.4257268415386,2464,2604.670915165302,2262.9825896095645,2310.4518836565258
1959-04-01,2957.4333333333325,2865.106133905028,2754.306189928023,2557,2746.8745436101426,2511.748669102958,2680.2500297711476
1959-05-01,3020.328070175437,2931.9296901420253,2818.157966013194,2739,2885.794296601236,2421.826462673021,2583.8061864724987
1959-06-01,3174.801754385964,3090.332192051281,2973.717897202313,2714,2852.830166942499,2771.0584830533,2732.6587222234575
1959-07-01,3565.0122807017533,3484.471533361547,3365.1438782322243,3102,3521.0294769774446,3294.38921096169,3419.1960176756957
1959-08-01,4669.801754385964,4593.189815987456,4471.278014366084,3961,4311.117159516558,4096.696249395777,3375.088129073898
1959-09-01,3920.0122807017538,3847.329163158191,3722.9624108670528,3772,3858.739095304964,3243.8098446354625,3465.0494345116604
1959-10-01,3450.9596491228062,3382.2053494152506,3255.5128572088124,3245,3169.5663939439564,3226.7241118635084,3379.556128407441
1959-11-01,3271.4333333333325,3206.6078483813835,3077.7188270755737,3104,3105.1672337141144,3136.503953173662,3065.8349655739075
1959-12-01,3032.9070175438587,2972.010346704348,2841.054004677862,2869,2868.623434685196,2693.5769136677945,2788.7427198482146
1960-01-01,2856.120614035087,2799.643858423803,2694.818708253839,2513,2633.838244477258,2496.7203729793346,2617.0899942485485
1960-02-01,2838.4890350877185,2786.92330689176,2680.321544393229,2385,2746.981265289569,2474.9297271366595,2407.362034509668
1960-03-01,2975.1732456140344,2928.5185426985217,2820.3016796757124,2756,2779.4802305705907,2536.353133182487,2507.228284779476
1960-04-01,3083.225877192981,3041.482198702381,2931.811745680239,2927,2924.303738329575,2860.1896413747427,2812.4922199108914
1960-05-01,3146.120614035087,3109.287959229431,2998.325426617336,2940,3065.875481622781,3068.0907629429967,3073.9422086982477
1960-06-01,3300.594298245613,3268.6726654287395,3156.579564592261,3180,3035.595453254121,2925.468997796253,2877.3216280436545
1960-07-01,3690.804824561402,3663.794211029058,3550.732054341861,3791,3706.510975567111,3659.8518246975273,3532.371411167922
1960-08-01,4795.594298245614,4773.49469794502,4659.6250011292905,4093,4499.346981372237,4369.986949818151,4617.18633142305
1960-09-01,4045.804824561402,4028.616249405807,3914.100510217713,4309,4049.74935141462,3852.532619190846,3868.5676808741828
1960-10-01,3576.752192982455,3564.4746399529195,3449.4743710808066,3532,3363.3891952955573,3658.159265917131,3745.203337351315
1960-11-01,3397.225877192982,3389.8593432091056,3274.5360574027864,3408,3301.834691295626,3519.8667358157945,3353.480470207097
1960-12-01,3158.699561403508,3156.2440458221217,3040.7592533941743,2839,3068.167659484585,3169.9706993263358,3134.9879624426103
1961-01-01,2981.913157894736,2984.85976183163,2897.444277293132,2792,2836.29134748249,2723.2670553641456,2443.7058052667635
1961-02-01,2964.2815789473675,2973.121414589639,2885.899735689386,2798,2952.375357488614,2658.561616784177,2625.69615508919
1961-03-01,3100.965789473684,3115.698854686454,3028.864795162616,3007,2987.847422951413,3067.374063412337,3135.9360534851676
1961-04-01,3209.0184210526304,3229.644714980366,3143.392087291769,3086,3135.6761418801425,3119.961552508721,3140.8182704120727
1961-05-01,3271.9131578947363,3298.432679797468,3212.955296287375,3201,3280.285207331058,3206.9284323851757,3058.9516114105863
1961-06-01,3426.3868421052625,3458.7995902868297,3374.2912642546926,3428,3253.0746121080765,3341.1050136827344,3404.804301761512
1961-07-01,3816.597368421052,3854.9033401772,3771.557885930568,3754,3927.091678554711,3821.3504618258376,4001.8704251855306
1961-08-01,4921.386842105262,4965.586031383215,4883.597266578154,4917,4723.061339481446,4432.251998404896,4016.752285634195
1961-09-01,4171.597368421051,4221.689787134054,4141.251511460614,3760,4276.629475633408,4696.851113640492,5094.603236924373
1961-10-01,3702.5447368421046,3758.53038197122,3679.836410051628,3609,3593.4671966118904,3538.887514253568,2942.614969479181
1961-11-01,3523.018421052631,3584.8972895174584,3508.1414360354106,3471,3535.1426806974696,3329.0632303282146,3440.770620132298
1961-12-01,3284.492105263157,3352.264196420527,3277.640273622484,3347,3304.737747959908,3106.1618820762087,2868.315614858615
1962-01-01,3107.705701754385,3181.862116720088,3137.633241051007,3333,3076.155646019258,3041.887684798929,3263.6618590947564
1962-02-01,3090.0741228070165,3171.10597376815,3129.4289449107114,3456,3195.5659770747907,3157.8059292859944,3305.7716819711823
1962-03-01,3226.7583333333323,3314.665618155017,3275.7665517812698,3569,3234.396474574968,3508.9694468199123,3624.987524847036
1962-04-01,3334.81096491228,3429.593682738982,3393.698693241637,3900,3385.615736529042,3671.23792239352,3609.8560318818245
1962-05-01,3397.705701754385,3499.3638518461366,3466.6990535023383,3909,3533.6474559932667,3822.944608566954,3981.4378065976143
1962-06-01,3552.1793859649115,3660.712966625552,3631.504474668635,4098,3509.891625771565,4067.827294895929,4096.991965442616
1962-07-01,3942.389912280701,4057.798920805975,4032.272851477367,4826,4187.395568207442,4693.263911084071,4389.702735999992
1962-08-01,5047.179385964912,5169.463816302042,5147.846289191697,5770,4986.884216111391,5366.609942883282,5950.770968892084
1962-09-01,4297.389912280701,4426.549776342934,4409.06689307478,5108,4544.00345022853,5154.450021952176,4581.513182102892
1962-10-01,3828.3372807017536,3964.3725754701513,3951.250452600301,4360,3864.424380160155,4721.733864279409,4917.494273911452
1962-11-01,3648.81096491228,3791.7216873064426,3783.186441452469,4100,3809.715184186847,4350.547876672563,4191.060118041803
1962-12-01,3410.2846491228065,3560.0707984995643,3556.3485438418134,3562,3582.957682378362,3874.633435680257,3937.63777797273
1963-01-01,3233.498245614034,3390.650923089177,3420.037078006489,3284,3358.0551223547554,3743.420805368858,3513.648300656736
1963-02-01,3215.866666666666,3380.8769844272915,3415.560650536227,3278,3481.177106315302,3596.469915140806,3366.0640619684928
1963-03-01,3352.5508771929817,3525.418833104212,3565.658428010703,3424,3523.751367708456,3698.887484754231,3352.6854354383468
1963-04-01,3460.603508771929,3641.329101978229,3687.383042008869,3843,3678.7465045434737,3788.856457269442,3715.623900330065
1963-05-01,3523.498245614034,3712.0814753754366,3764.208176741252,3614,3830.586209876612,3874.866653108444,3813.269454973579
1963-06-01,3677.97192982456,3874.412794444903,3932.87067431311,3536,3810.6704765117865,3987.5054007648,3763.2436580284875
1963-07-01,4068.18245614035,4272.480952915379,4337.528429461287,4505,4492.046626792508,4170.540755705464,4218.651839175753
1963-08-01,5172.971929824561,5385.128052701499,5457.023547448944,5456,5295.43959352927,5438.841554397917,5411.947992194309
1963-09-01,4423.18245614035,4643.196217032444,4722.198133539236,4881,4856.495257467184,4534.1230016725785,4750.531980127624
1963-10-01,3954.1298245614025,4182.001220449714,4268.367977205848,4041,4180.884728207554,4224.892197721685,4091.365542678439
1963-11-01,3774.603508771929,4010.332536576058,4104.32255213299,3724,4130.176184030956,3900.4483555806783,3731.3140745979545
1963-12-01,3536.077192982455,3779.663852059232,3881.5355425311895,3525,3907.451445007148,3341.972107779065,3140.95248970165
1964-01-01,3359.290789473683,3611.2261809388974,3749.307266638603,3437,3686.613758756185,3258.504439803579,3206.6535259046295
1964-02-01,3341.659210526315,3602.4344465670647,3748.94633104496,3324,3813.832727477344,3389.293976885231,3393.356230090825
1964-03-01,3478.343421052631,3747.958499534038,3903.1919023299374,3977,3860.536084619077,3465.329305208072,3430.8427254298913
1964-04-01,3586.396052631578,3864.8509726981074,4029.096612072488,4025,4019.6924281906377,4055.996800949575,4360.9715110781635
1964-05-01,3649.290789473683,3936.5855503853672,4110.134144483136,4016,4175.725451248287,3891.072855744736,3758.1871710066735
1964-06-01,3803.76447368421,4099.899073744887,4283.04134166714,4031,4160.035146595939,4003.433157882055,3900.358922439149
1964-07-01,4193.974999999999,4498.949436505416,4691.976098361349,4489,4845.668836577104,4889.017150948133,4965.539905277963
1964-08-01,5298.76447368421,5612.578740581588,5815.780519828917,5563,5653.351454002277,5610.526096567959,5402.723004834685
1964-09-01,4548.974999999999,4871.629109202585,5085.296711333005,5709,5218.72887961657,4993.839208255449,4951.566982772554
1964-10-01,4079.922368421052,4411.416316909908,4635.8404623472925,4620,4547.472223021283,4611.948816204971,4838.696197015328
1964-11-01,3900.396052631578,4240.729837326305,4476.201246555993,4160,4501.149662496997,4419.473631015173,4269.579334655187
1964-12-01,3661.869736842104,4011.043357099531,4257.852748169633,4012,4282.843018113466,3886.592226805537,3924.625212688975
1965-01-01,3485.0833333333326,3843.587890269249,4130.0952854263705,3987,4066.4555374907495,3701.173794999824,3888.5339559196236
1965-02-01,3467.451754385964,3835.778360187469,4134.23746491593,4155,4198.156822828118,3895.155507517573,3842.349569911291
1965-03-01,3604.13596491228,3982.2846174444944,4293.018453217999,4054,4249.374607574028,4460.723871879491,4774.484386417918
1965-04-01,3712.188596491227,4100.159294898617,4423.490881911515,4485,4413.077489737733,4488.057238938567,4061.639830868071
1965-05-01,3775.0833333333326,4172.87607687593,4509.128435207014,4558,4573.689162375495,4394.346898340464,4435.3958859854065
1965-06-01,3929.5570175438593,4337.171804525502,4686.667955209756,4462,4562.609618291224,4428.269716313418,4540.589801820224
1965-07-01,4319.767543859648,4737.204371576083,5100.267336656578,4594,5252.886179828433,5159.303705223094,4881.428193171007
1965-08-01,5424.557017543859,5851.815879942307,6228.768684810644,6481,6065.243779797618,5971.379865484803,5627.6049668611195
1965-09-01,4674.767543859648,5111.848452853357,5503.01410493511,6345,5635.3282989438885,5942.58469435291,6594.601559671539
1965-10-01,4205.7149122807,4652.617864850734,5058.319386503661,5142,4968.810846868545,5245.124647457478,5224.473814237466
1965-11-01,4026.188596491228,4482.913589557182,4903.474003200508,4824,4927.259601852171,4800.60449984801,4639.745919343895
1965-12-01,3787.662280701754,4254.209313620462,4689.951639236171,4573,4713.756383964517,4601.677349065787,4636.357872027791
1966-01-01,3610.8758771929815,4087.736051080232,4567.052612848816,4158,4502.204440825645,4564.127198606559,4513.07858375091
1966-02-01,3593.2442982456128,4080.908725288505,4576.085530628168,4140,4638.773374634824,4314.902644845188,4284.95681131377
1966-03-01,3729.928508771929,4228.397186835583,4739.789559153907,4251,4694.890918840512,4516.756323819856,3997.788025404745
1966-04-01,3837.981140350877,4347.254068579758,4875.21733000498,4734,4863.525671451962,4689.039323689933,4640.332178335202
1966-05-01,3900.8758771929815,4420.953054847123,4965.842527391915,4858,5029.101325525434,4737.319601646201,4774.87247971338
1966-06-01,4055.349561403508,4586.230986786748,5148.401993419973,4798,5023.017873864842,4728.008763301079,4722.037648918204
1966-07-01,4445.560087719297,4987.245758127382,5567.053622825997,5080,5718.322638813695,5127.123344642403,4892.520759955514
1966-08-01,5550.349561403507,6102.839470783659,6700.639520873148,6905,6535.74055318249,6526.318903698091,6929.772142001224
1966-09-01,4800.560087719297,5363.854247984761,5980.00179282458,5504,6110.917497716338,6673.277211892168,6734.969845657073
1966-10-01,4331.50745614035,4905.60586427219,5540.456228153977,5457,5449.524582016539,4949.217420705092,4249.050665109018
1966-11-01,4151.981140350877,4736.883793268691,5390.792300545551,5198,5413.129984363674,4777.102185386804,5100.192725004152
1966-12-01,3913.454824561403,4509.161721622024,5182.483694209828,4890,5204.815524827501,4907.60242833056,4914.660053547132
